Train File,Test File,j,c,t,b,# FN ,# FP,Accuracy,Precision,Recall,F1,F.5
../data/svm_bin_norm/dat_1.txt,../data/svm_bin_norm/dat_10.txt,0.5,1,3,0,216,2778,0.7006,0.7070547295159759,0.9687906371911573,0.8174835405998536,0.7474416426994849
../data/svm_bin_norm/dat_1.txt,../data/svm_bin_norm/dat_10.txt,0.5,10,3,0,2593,1360,0.6047,0.7609001406469761,0.6253431585031065,0.6864937742882069,0.7292825127220032
../data/svm_bin_norm/dat_1.txt,../data/svm_bin_norm/dat_10.txt,0.5,100,3,0,3166,1851,0.49829999999999997,0.6698180520870496,0.5425516543852045,0.5995050690508502,0.6398023513375362
../data/svm_bin_norm/dat_1.txt,../data/svm_bin_norm/dat_10.txt,0.75,1,3,0,181,2822,0.6997,0.7048734574356829,0.9738477098685161,0.8178122914517988,0.7460869180189952
../data/svm_bin_norm/dat_1.txt,../data/svm_bin_norm/dat_10.txt,0.75,10,3,0,467,2539,0.6994,0.7176692983431557,0.932524201704956,0.8111097147166018,0.7523372111999628
../data/svm_bin_norm/dat_1.txt,../data/svm_bin_norm/dat_10.txt,0.75,100,3,0,2472,2170,0.5358,0.6721559147907539,0.6428261811876896,0.6571639586410635,0.6660777914183909
../data/svm_bin_norm/dat_1.txt,../data/svm_bin_norm/dat_10.txt,0.9,1,3,0,0,3079,0.6920999999999999,0.6921,1.0,0.8180367590567934,0.7375162507192942
../data/svm_bin_norm/dat_1.txt,../data/svm_bin_norm/dat_10.txt,0.9,10,3,0,1677,1896,0.6427,0.7344537815126051,0.7576939748591244,0.7458928952421592,0.738987063498774
../data/svm_bin_norm/dat_1.txt,../data/svm_bin_norm/dat_10.txt,0.9,100,3,0,2186,2285,0.5529,0.6745014245014245,0.6841496893512499,0.6792912990459795,0.6764092454501299
