Train File,Test File,j,c,t,b,# FN ,# FP,Accuracy,Precision,Recall,F1,F.5
../data/svm_bin_norm/dat_1.txt,../data/svm_bin_norm/dat_10.txt,0.5,1,0,0,795,2286,0.6919,0.7282453637660485,0.8851322063285653,0.7990608491488946,0.7550099829919398
../data/svm_bin_norm/dat_1.txt,../data/svm_bin_norm/dat_10.txt,0.5,10,0,0,928,2176,0.6896,0.7336271269433223,0.865915330154602,0.7943008614976805,0.7567492486804556
../data/svm_bin_norm/dat_1.txt,../data/svm_bin_norm/dat_10.txt,0.5,100,0,0,993,2130,0.6877,0.7356664184661206,0.8565236237537928,0.7915081113558983,0.757030112635047
../data/svm_bin_norm/dat_1.txt,../data/svm_bin_norm/dat_10.txt,0.75,1,0,0,82,2925,0.6993,0.7004301515772224,0.9881520011559023,0.8197782439316752,0.743741435935359
../data/svm_bin_norm/dat_1.txt,../data/svm_bin_norm/dat_10.txt,0.75,10,0,0,85,2923,0.6992,0.7004816067220002,0.9877185377835573,0.8196642685851321,0.7437387122745175
../data/svm_bin_norm/dat_1.txt,../data/svm_bin_norm/dat_10.txt,0.75,100,0,0,80,2929,0.6991,0.7002047082906858,0.9884409767374657,0.819723204121982,0.7435707919393058
../data/svm_bin_norm/dat_1.txt,../data/svm_bin_norm/dat_10.txt,0.9,1,0,0,0,3079,0.6920999999999999,0.6921,1.0,0.8180367590567934,0.7375162507192942
../data/svm_bin_norm/dat_1.txt,../data/svm_bin_norm/dat_10.txt,0.9,10,0,0,0,3079,0.6920999999999999,0.6921,1.0,0.8180367590567934,0.7375162507192942
../data/svm_bin_norm/dat_1.txt,../data/svm_bin_norm/dat_10.txt,0.9,100,0,0,0,3079,0.6920999999999999,0.6921,1.0,0.8180367590567934,0.7375162507192942
