Train File,Test File,j,c,t,# FN ,# FP,Accuracy,Precision,Recall,F1,F.5
../data/svm_fiftyfifty_norm/dat_1.txt,../data/svm_fiftyfifty_norm/dat_10.txt,0.75,1,2,1610,737,0.6188697629100357,0.6659111514052584,0.4771029555050341,0.5559129612109744,0.6170713265563303
../data/svm_fiftyfifty_norm/dat_1.txt,../data/svm_fiftyfifty_norm/dat_10.txt,0.75,10,2,1795,585,0.6135108801558948,0.6869983948635634,0.41701851250405975,0.5189975747776879,0.6082425390810042
../data/svm_fiftyfifty_norm/dat_1.txt,../data/svm_fiftyfifty_norm/dat_10.txt,0.75,100,2,1925,447,0.6148100032478077,0.7207995003123048,0.3747970120168886,0.49316239316239324,0.6084572392702731
../data/svm_fiftyfifty_norm/dat_1.txt,../data/svm_fiftyfifty_norm/dat_10.txt,1,1,2,1022,1361,0.6130237089964274,0.601813926272674,0.668074050016239,0.633215330152378,0.6139931944361531
../data/svm_fiftyfifty_norm/dat_1.txt,../data/svm_fiftyfifty_norm/dat_10.txt,1,10,2,1273,1081,0.6177330302046119,0.625562868029096,0.5865540759987009,0.6054307743881999,0.6173514733027963
../data/svm_fiftyfifty_norm/dat_1.txt,../data/svm_fiftyfifty_norm/dat_10.txt,1,100,2,1421,908,0.6217927898668398,0.6461418550272798,0.5384865215979214,0.587422497785651,0.6212995578205801
